Ссылка;Артиккул;Название;Ед.изм;Цена;Ссылки на картинки;Регион
https://www.oboykin.rucatalog/russia/family/tropicanis/fm71990-22/;FM71990-22;Обои Palitra Family FM71990-22;рулон;1965;/assets/images/products/129845/fm71990-22-rap-oboykin-family-tropicanis.jpg,/assets/images/products/129845/fm71990-22-mac-oboykin-family-tropicanis.jpg,/assets/images/products/129845/fm71990-22-rul-2-oboykin-family-tropicanis.jpg,/assets/images/products/129845/fm71990-22-rul-3-oboykin-family-tropicanis.jpg,/assets/images/products/129845/fm71990-22-rul-4-oboykin-family-tropicanis.jpg,/assets/images/products/129845/fm71990-22-rul-oboykin-family-tropicanis.jpg;Санкт-Петербург
https://www.oboykin.rucatalog/russia/family/tropicanis/fm71990-22/;FM71990-22;Обои Palitra Family FM71990-22;рулон;1965;/assets/images/products/129845/fm71990-22-rap-oboykin-family-tropicanis.jpg,/assets/images/products/129845/fm71990-22-mac-oboykin-family-tropicanis.jpg,/assets/images/products/129845/fm71990-22-rul-2-oboykin-family-tropicanis.jpg,/assets/images/products/129845/fm71990-22-rul-3-oboykin-family-tropicanis.jpg,/assets/images/products/129845/fm71990-22-rul-4-oboykin-family-tropicanis.jpg,/assets/images/products/129845/fm71990-22-rul-oboykin-family-tropicanis.jpg;Москва
https://www.oboykin.rucatalog/russia/victoria-stenova/fresco/285616/;285616;Обои Victoria Stenova 285616;рулон;2490;/assets/images/products/138285/285616-rap-oboykin-victoria-stenova-fresco.jpg,/assets/images/products/138285/285616-rul-2-oboykin-victoria-stenova-fresco.jpg,/assets/images/products/138285/285616-rul-oboykin-victoria-stenova-fresco.jpg,/assets/images/products/138285/285616-int-oboykin-victoria-stenova-fresco.jpg;Санкт-Петербург
https://www.oboykin.rucatalog/russia/victoria-stenova/fresco/285616/;285616;Обои Victoria Stenova 285616;рулон;2490;/assets/images/products/138285/285616-rap-oboykin-victoria-stenova-fresco.jpg,/assets/images/products/138285/285616-rul-2-oboykin-victoria-stenova-fresco.jpg,/assets/images/products/138285/285616-rul-oboykin-victoria-stenova-fresco.jpg,/assets/images/products/138285/285616-int-oboykin-victoria-stenova-fresco.jpg;Москва
https://www.oboykin.rucatalog/russia/palitra-style/ray/sl72204-11/;SL72204-11;Обои Palitra Style SL72204-11; рулон;2070;/assets/images/products/153897/sl72204-11-rap-oboykin-palitra-style-ray.jpg,/assets/images/products/153897/sl72204-11-rul-2-oboykin-palitra-style-ray.jpg,/assets/images/products/153897/sl72204-11-rul-oboykin-palitra-style-ray.jpg,/assets/images/products/153897/sl72204-11-rul-3-oboykin-palitra-style-ray.jpg,/assets/images/products/153897/sl72204-11-rul-4-oboykin-palitra-style-ray.jpg,/assets/images/products/153897/sl72204-11-rul-5-oboykin-palitra-style-ray.jpg,/assets/images/products/153897/sl72204-x-rul-2-oboykin-palitra-style-ray.jpg,/assets/images/products/153897/sl72204-x-rul-oboykin-palitra-style-ray.jpg;Санкт-Петербург
https://www.oboykin.rucatalog/russia/palitra-style/ray/sl72204-11/;SL72204-11;Обои Palitra Style SL72204-11; рулон;2070;/assets/images/products/153897/sl72204-11-rap-oboykin-palitra-style-ray.jpg,/assets/images/products/153897/sl72204-11-rul-2-oboykin-palitra-style-ray.jpg,/assets/images/products/153897/sl72204-11-rul-oboykin-palitra-style-ray.jpg,/assets/images/products/153897/sl72204-11-rul-3-oboykin-palitra-style-ray.jpg,/assets/images/products/153897/sl72204-11-rul-4-oboykin-palitra-style-ray.jpg,/assets/images/products/153897/sl72204-11-rul-5-oboykin-palitra-style-ray.jpg,/assets/images/products/153897/sl72204-x-rul-2-oboykin-palitra-style-ray.jpg,/assets/images/products/153897/sl72204-x-rul-oboykin-palitra-style-ray.jpg;Москва
https://www.oboykin.rucatalog/russia/simple/avangard/sp71992-74/;SP71992-74;Обои Palitra Simple SP71992-74;рулон;1880;/assets/images/products/130622/sp71992-74-mac-oboykin-simple-avangard.jpg,/assets/images/products/130622/sp71992-74-rul-4-oboykin-simple-avangard.jpg,/assets/images/products/130622/sp71992-74-rap-oboykin-simple-avangard.jpg,/assets/images/products/130622/sp71992-74-rul-2-oboykin-simple-avangard.jpg,/assets/images/products/130622/sp71992-74-rul-3-oboykin-simple-avangard.jpg,/assets/images/products/130622/sp71992-74-rul-oboykin-simple-avangard.jpg,/assets/images/products/130622/sp71992-74-rul-5-oboykin-simple-avangard.jpg,/assets/images/products/130622/sp71992-74-rul-6-oboykin-simple-avangard.jpg;Санкт-Петербург
https://www.oboykin.rucatalog/russia/simple/avangard/sp71992-74/;SP71992-74;Обои Palitra Simple SP71992-74;рулон;1880;/assets/images/products/130622/sp71992-74-mac-oboykin-simple-avangard.jpg,/assets/images/products/130622/sp71992-74-rul-4-oboykin-simple-avangard.jpg,/assets/images/products/130622/sp71992-74-rap-oboykin-simple-avangard.jpg,/assets/images/products/130622/sp71992-74-rul-2-oboykin-simple-avangard.jpg,/assets/images/products/130622/sp71992-74-rul-3-oboykin-simple-avangard.jpg,/assets/images/products/130622/sp71992-74-rul-oboykin-simple-avangard.jpg,/assets/images/products/130622/sp71992-74-rul-5-oboykin-simple-avangard.jpg,/assets/images/products/130622/sp71992-74-rul-6-oboykin-simple-avangard.jpg;Москва
https://www.oboykin.rucatalog/russia/simple/avangard/sp71992-24/;SP71992-24;Обои Palitra Simple SP71992-24;рулон;1880;/assets/images/products/127719/sp71992-24-mac-oboykin-simple-avangard.jpg,/assets/images/products/127719/sp71992-24-int-oboykin-simple-avangard.jpg,/assets/images/products/127719/sp71992-24-rul-2-oboykin-simple-avangard.jpg,/assets/images/products/127719/sp71992-24-rul-3-oboykin-simple-avangard.jpg,/assets/images/products/127719/sp71992-24-rul-4-oboykin-simple-avangard.jpg,/assets/images/products/127719/sp71992-24-rap-oboykin-simple-avangard.jpg,/assets/images/products/127719/sp71992-24-rul-5-oboykin-simple-avangard.jpg;Санкт-Петербург
https://www.oboykin.rucatalog/russia/simple/avangard/sp71992-24/;SP71992-24;Обои Palitra Simple SP71992-24;рулон;1880;/assets/images/products/127719/sp71992-24-mac-oboykin-simple-avangard.jpg,/assets/images/products/127719/sp71992-24-int-oboykin-simple-avangard.jpg,/assets/images/products/127719/sp71992-24-rul-2-oboykin-simple-avangard.jpg,/assets/images/products/127719/sp71992-24-rul-3-oboykin-simple-avangard.jpg,/assets/images/products/127719/sp71992-24-rul-4-oboykin-simple-avangard.jpg,/assets/images/products/127719/sp71992-24-rap-oboykin-simple-avangard.jpg,/assets/images/products/127719/sp71992-24-rul-5-oboykin-simple-avangard.jpg;Москва
https://www.oboykin.rucatalog/belgium/grandeco/asperia/a58702/;A58702;Обои Grandeco A58702;рулон;2150;/assets/images/products/118994/a58702-rap-oboykin-grandeco-asperia.jpg,/assets/images/products/118994/a58702-int-oboykin-grandeco-asperia.jpg;Санкт-Петербург
https://www.oboykin.rucatalog/belgium/grandeco/asperia/a58702/;A58702;Обои Grandeco A58702;рулон;2150;/assets/images/products/118994/a58702-rap-oboykin-grandeco-asperia.jpg,/assets/images/products/118994/a58702-int-oboykin-grandeco-asperia.jpg;Москва
https://www.oboykin.rucatalog/belgium/grandeco/paint/r149002/;R149002;Обои Grandeco R149002;рулон;2490;/assets/images/products/151335/r149002-rap-oboykin-grandeco-paint.jpg,/assets/images/products/151335/r1490x-rul-2-oboykin-grandeco-paint.jpg,/assets/images/products/151335/r1490x-rul-oboykin-grandeco-paint.jpg;Санкт-Петербург
https://www.oboykin.rucatalog/germany/marburg/loft/59601/;59601;Обои Marburg 59601;рулон;4200;/assets/images/products/19155/59601.jpg,/assets/images/products/19155/marburg-loft-59601-a.jpg,/assets/images/products/19155/marburg-loft-59601.jpg;Санкт-Петербург
https://www.oboykin.rucatalog/germany/marburg/loft/59601/;59601;Обои Marburg 59601;рулон;4200;/assets/images/products/19155/59601.jpg,/assets/images/products/19155/marburg-loft-59601-a.jpg,/assets/images/products/19155/marburg-loft-59601.jpg;Москва
https://www.oboykin.rucatalog/germany/a-s-creation/paradise-garden/36719-4/;36719-4;Обои A.S.Creation 36719-4;рулон;2980;/assets/images/products/57521/367194-oboykin-creation-paradise-garden.jpg,/assets/images/products/57521/36719-4-rul-oboykin-as-creation-paradise-garden.jpg,/assets/images/products/57521/36719-4-int-oboykin-a-s-creation-paradise-garden.jpg,/assets/images/products/57521/36719-4-int-2-oboykin-as-creation-paradise-garden.jpg,/assets/images/products/57521/36719-4-int-3-oboykin-as-creation-paradise-garden.jpg,/assets/images/products/57521/36719-4-int-4-oboykin-as-creation-paradise-garden.jpg,/assets/images/products/57521/36719-4-int-5-oboykin-as-creation-paradise-garden.jpg;Санкт-Петербург
https://www.oboykin.rucatalog/germany/a-s-creation/paradise-garden/36719-4/;36719-4;Обои A.S.Creation 36719-4;рулон;2980;/assets/images/products/57521/367194-oboykin-creation-paradise-garden.jpg,/assets/images/products/57521/36719-4-rul-oboykin-as-creation-paradise-garden.jpg,/assets/images/products/57521/36719-4-int-oboykin-a-s-creation-paradise-garden.jpg,/assets/images/products/57521/36719-4-int-2-oboykin-as-creation-paradise-garden.jpg,/assets/images/products/57521/36719-4-int-3-oboykin-as-creation-paradise-garden.jpg,/assets/images/products/57521/36719-4-int-4-oboykin-as-creation-paradise-garden.jpg,/assets/images/products/57521/36719-4-int-5-oboykin-as-creation-paradise-garden.jpg;Москва
https://www.oboykin.rucatalog/belgium/grandeco/asperia/a58701/;A58701;Обои Grandeco A58701;рулон;2150;/assets/images/products/118993/a58701-rap-oboykin-grandeco-asperia.jpg,/assets/images/products/118993/a58701-int-oboykin-grandeco-asperia.jpg;Санкт-Петербург
https://www.oboykin.rucatalog/belgium/grandeco/asperia/a58701/;A58701;Обои Grandeco A58701;рулон;2150;/assets/images/products/118993/a58701-rap-oboykin-grandeco-asperia.jpg,/assets/images/products/118993/a58701-int-oboykin-grandeco-asperia.jpg;Москва
https://www.oboykin.rucatalog/russia/ateliero/annushka/286546/;286546;Обои Ateliero 286546;рулон;2250;/assets/images/products/149480/286546-rap-oboykin-ateliero-annushka.jpg,/assets/images/products/149480/286546-rul-3-oboykin-ateliero-annushka.jpg,/assets/images/products/149480/286546-rul-2-oboykin-ateliero-annushka.jpg,/assets/images/products/149480/286546-rul-oboykin-ateliero-annushka.jpg,/assets/images/products/149480/286546-int-oboykin-ateliero-annushka.jpg;Санкт-Петербург
https://www.oboykin.rucatalog/russia/ateliero/annushka/286546/;286546;Обои Ateliero 286546;рулон;2250;/assets/images/products/149480/286546-rap-oboykin-ateliero-annushka.jpg,/assets/images/products/149480/286546-rul-3-oboykin-ateliero-annushka.jpg,/assets/images/products/149480/286546-rul-2-oboykin-ateliero-annushka.jpg,/assets/images/products/149480/286546-rul-oboykin-ateliero-annushka.jpg,/assets/images/products/149480/286546-int-oboykin-ateliero-annushka.jpg;Москва
https://www.oboykin.rucatalog/russia/simple/nutela/sp72028-77/;SP72028-77;Обои Palitra Simple SP72028-77;рулон;1880;/assets/images/products/147043/sp72028-77-rap-oboykin-palitra-simple-nutela.jpg,/assets/images/products/147043/sp72028-77-rul-oboykin-palitra-simple-nutela.jpg,/assets/images/products/147043/sp72028-77-rul-5-oboykin-palitra-simple-nutela.jpg,/assets/images/products/147043/sp72028-77-rul-4-oboykin-palitra-simple-nutela.jpg,/assets/images/products/147043/sp72028-77-rul-3-oboykin-palitra-simple-nutela.jpg,/assets/images/products/147043/sp72028-77-rul-6-oboykin-palitra-simple-nutela.jpg,/assets/images/products/147043/sp72028-77-rul-7-oboykin-palitra-simple-nutela.jpg,/assets/images/products/147043/sp72028-77-rul-8-oboykin-palitra-simple-nutela.jpg,/assets/images/products/147043/sp72028-77-rul-2-oboykin-palitra-simple-nutela.jpg,/assets/images/products/147043/sp72028-x-rul-2-oboykin-palitra-simple-nutela.jpg,/assets/images/products/147043/sp72028-x-rul-oboykin-palitra-simple-nutela.jpg,/assets/images/products/147043/sp72028-77-int-oboykin-palitra-simple-nutela.jpg;Санкт-Петербург
https://www.oboykin.rucatalog/russia/simple/nutela/sp72028-77/;SP72028-77;Обои Palitra Simple SP72028-77;рулон;1880;/assets/images/products/147043/sp72028-77-rap-oboykin-palitra-simple-nutela.jpg,/assets/images/products/147043/sp72028-77-rul-oboykin-palitra-simple-nutela.jpg,/assets/images/products/147043/sp72028-77-rul-5-oboykin-palitra-simple-nutela.jpg,/assets/images/products/147043/sp72028-77-rul-4-oboykin-palitra-simple-nutela.jpg,/assets/images/products/147043/sp72028-77-rul-3-oboykin-palitra-simple-nutela.jpg,/assets/images/products/147043/sp72028-77-rul-6-oboykin-palitra-simple-nutela.jpg,/assets/images/products/147043/sp72028-77-rul-7-oboykin-palitra-simple-nutela.jpg,/assets/images/products/147043/sp72028-77-rul-8-oboykin-palitra-simple-nutela.jpg,/assets/images/products/147043/sp72028-77-rul-2-oboykin-palitra-simple-nutela.jpg,/assets/images/products/147043/sp72028-x-rul-2-oboykin-palitra-simple-nutela.jpg,/assets/images/products/147043/sp72028-x-rul-oboykin-palitra-simple-nutela.jpg,/assets/images/products/147043/sp72028-77-int-oboykin-palitra-simple-nutela.jpg;Москва
https://www.oboykin.rucatalog/russia/erismann/architector-ii/60652-03/;60652-03;Обои Erismann 60652-03;рулон;1990;/assets/images/products/144145/60652-03-rap-oboykin-erismann-architector-2.jpg,/assets/images/products/144145/60652-03-mac-oboykin-erismann-architector-2.jpg,/assets/images/products/144145/60652-03-rul-2-oboykin-erismann-architector-2.jpg,/assets/images/products/144145/60652-03-rul-oboykin-erismann-architector-2.jpg,/assets/images/products/144145/60652-x-rul-oboykin-erismann-architector-2.jpg;Санкт-Петербург
https://www.oboykin.rucatalog/russia/erismann/architector-ii/60652-03/;60652-03;Обои Erismann 60652-03;рулон;1990;/assets/images/products/144145/60652-03-rap-oboykin-erismann-architector-2.jpg,/assets/images/products/144145/60652-03-mac-oboykin-erismann-architector-2.jpg,/assets/images/products/144145/60652-03-rul-2-oboykin-erismann-architector-2.jpg,/assets/images/products/144145/60652-03-rul-oboykin-erismann-architector-2.jpg,/assets/images/products/144145/60652-x-rul-oboykin-erismann-architector-2.jpg;Москва
https://www.oboykin.rucatalog/russia/victoria-stenova/spline/285355/;285355;Обои Victoria Stenova 285355;рулон;2130;/assets/images/products/136700/285355-rap-oboykin-victoria-stenova-spline.jpg,/assets/images/products/136700/285355-rul-2-oboykin-victoria-stenova-spline.jpg,/assets/images/products/136700/285355-rul-oboykin-victoria-stenova-spline.jpg,/assets/images/products/136700/285355-int-oboykin-victoria-stenova-spline.jpg;Санкт-Петербург
https://www.oboykin.rucatalog/russia/aspekt/akczent/70393-12/;70393-12;Обои Аспект 70393-12;рулон;2090;/assets/images/products/109123/70393-12-oboykin-aspekt.jpg,/assets/images/products/109123/70393-12-(2)-oboykin-aspekt.jpg,/assets/images/products/109123/70393-12-(3)-oboykin-aspekt.jpg,/assets/images/products/109123/70393-12-(1)-oboykin-aspekt.jpg,/assets/images/products/109123/70393-12-(4)-oboykin-aspekt.jpg;Санкт-Петербург
https://www.oboykin.rucatalog/russia/aspekt/akczent/70393-12/;70393-12;Обои Аспект 70393-12;рулон;2090;/assets/images/products/109123/70393-12-oboykin-aspekt.jpg,/assets/images/products/109123/70393-12-(2)-oboykin-aspekt.jpg,/assets/images/products/109123/70393-12-(3)-oboykin-aspekt.jpg,/assets/images/products/109123/70393-12-(1)-oboykin-aspekt.jpg,/assets/images/products/109123/70393-12-(4)-oboykin-aspekt.jpg;Москва
https://www.oboykin.rucatalog/russia/trend-color/archway/tc72251-18/;TC72251-18;Обои Palitra Trend TC72251-18;рулон;2470;/assets/images/products/155715/tc72251-18-rap-oboykin-palitra-trend-archway.jpg,/assets/images/products/155715/tc72251-18-rul-3-oboykin-palitra-trend-archway.jpg,/assets/images/products/155715/tc72251-18-rul-oboykin-palitra-trend-archway.jpg,/assets/images/products/155715/tc72251-18-rul-2-oboykin-palitra-trend-archway.jpg,/assets/images/products/155715/tc72251-x-rul-2-oboykin-palitra-trend-archway.jpg,/assets/images/products/155715/tc72251-x-rul-oboykin-palitra-trend-archway.jpg;Санкт-Петербург
https://www.oboykin.rucatalog/germany/marburg/loft-superior/34136/;34136;Обои Marburg 34136;рулон;4200;/assets/images/products/121048/34136-rap-oboykin-marburg-loft-superior.jpg,/assets/images/products/121048/34136-int-oboykin-marburg-loft-superior.jpg;Санкт-Петербург
https://www.oboykin.rucatalog/russia/homecolor/dream/hc72161-42/;HC72161-42;Обои Palitra Home HC72161-42;рулон;2160;/assets/images/products/146032/hc72161-42-rap-oboykin-palitra-home-dream.jpg,/assets/images/products/146032/hc72161-42-rul-2-oboykin-palitra-home-dream.jpg,/assets/images/products/146032/hc72161-42-rul-3-oboykin-palitra-home-dream.jpg,/assets/images/products/146032/hc72161-42-rul-4-oboykin-palitra-home-dream.jpg,/assets/images/products/146032/hc72161-42-rul-5-oboykin-palitra-home-dream.jpg,/assets/images/products/146032/hc72161-42-rul-6-oboykin-palitra-home-dream.jpg,/assets/images/products/146032/hc72161-42-rul-oboykin-palitra-home-dream.jpg;Санкт-Петербург
https://www.oboykin.rucatalog/russia/homecolor/dream/hc72161-42/;HC72161-42;Обои Palitra Home HC72161-42;рулон;2160;/assets/images/products/146032/hc72161-42-rap-oboykin-palitra-home-dream.jpg,/assets/images/products/146032/hc72161-42-rul-2-oboykin-palitra-home-dream.jpg,/assets/images/products/146032/hc72161-42-rul-3-oboykin-palitra-home-dream.jpg,/assets/images/products/146032/hc72161-42-rul-4-oboykin-palitra-home-dream.jpg,/assets/images/products/146032/hc72161-42-rul-5-oboykin-palitra-home-dream.jpg,/assets/images/products/146032/hc72161-42-rul-6-oboykin-palitra-home-dream.jpg,/assets/images/products/146032/hc72161-42-rul-oboykin-palitra-home-dream.jpg;Москва
https://www.oboykin.rucatalog/russia/homecolor/dream/hc72162-42/;HC72162-42;Обои Palitra Home HC72162-42;рулон;2160;/assets/images/products/146028/hc72162-42-rap-oboykin-palitra-home-dream.jpg,/assets/images/products/146028/hc72162-42-rul-oboykin-palitra-home-dream.jpg,/assets/images/products/146028/hc72162-42-rul-2-oboykin-palitra-home-dream.jpg,/assets/images/products/146028/hc72162-42-rul-3-oboykin-palitra-home-dream.jpg,/assets/images/products/146028/hc72162-42-rul-4-oboykin-palitra-home-dream.jpg;Санкт-Петербург
https://www.oboykin.rucatalog/russia/homecolor/dream/hc72162-42/;HC72162-42;Обои Palitra Home HC72162-42;рулон;2160;/assets/images/products/146028/hc72162-42-rap-oboykin-palitra-home-dream.jpg,/assets/images/products/146028/hc72162-42-rul-oboykin-palitra-home-dream.jpg,/assets/images/products/146028/hc72162-42-rul-2-oboykin-palitra-home-dream.jpg,/assets/images/products/146028/hc72162-42-rul-3-oboykin-palitra-home-dream.jpg,/assets/images/products/146028/hc72162-42-rul-4-oboykin-palitra-home-dream.jpg;Москва
https://www.oboykin.rucatalog/russia/elizium/rosa/e502405/;Е502405;Обои Элизиум Е502405;рулон;1061;/assets/images/products/146750/e502405-rap-oboykin-elysuim-rosa.jpg,/assets/images/products/146750/e502405-mac-oboykin-elysuim-rosa.jpg,/assets/images/products/146750/e502405-rul-oboykin-elysuim-rosa.jpg,/assets/images/products/146750/e50240x-rul-oboykin-elysuim-rosa.jpg,/assets/images/products/146750/e50240x-rul-2-oboykin-elysuim-rosa.jpg,/assets/images/products/146750/e502405-int-2-oboykin-elysuim-rosa.jpg,/assets/images/products/146750/e502405-int-oboykin-elysuim-rosa.jpg;Санкт-Петербург
https://www.oboykin.rucatalog/russia/simple/avangard/sp71992-28/;SP71992-28;Обои Palitra Simple SP71992-28;рулон;1880;/assets/images/products/127718/sp71992-28-mac-oboykin-simple-avangard.jpg,/assets/images/products/127718/sp71992-28-rul-2-oboykin-simple-avangard.jpg,/assets/images/products/127718/sp71992-28-rul-3-oboykin-simple-avangard.jpg,/assets/images/products/127718/sp71992-28-rap-oboykin-simple-avangard.jpg,/assets/images/products/127718/sp71992-28-rul-4-oboykin-simple-avangard.jpg,/assets/images/products/127718/sp71992-28-rul-5-oboykin-simple-avangard.jpg;Санкт-Петербург
https://www.oboykin.rucatalog/russia/simple/avangard/sp71992-28/;SP71992-28;Обои Palitra Simple SP71992-28;рулон;1880;/assets/images/products/127718/sp71992-28-mac-oboykin-simple-avangard.jpg,/assets/images/products/127718/sp71992-28-rul-2-oboykin-simple-avangard.jpg,/assets/images/products/127718/sp71992-28-rul-3-oboykin-simple-avangard.jpg,/assets/images/products/127718/sp71992-28-rap-oboykin-simple-avangard.jpg,/assets/images/products/127718/sp71992-28-rul-4-oboykin-simple-avangard.jpg,/assets/images/products/127718/sp71992-28-rul-5-oboykin-simple-avangard.jpg;Москва
https://www.oboykin.rucatalog/russia/ostima/silvia/98497/;98497;Обои Ostima 98497;рулон;1533;/assets/images/products/133631/98497-rap-oboykin-ostima-silvia.jpg,/assets/images/products/133631/98497-int-oboykin-ostima-silvia.jpg;Москва
https://www.oboykin.rucatalog/belgium/grandeco/time-3/tj3001/;TJ3001;Обои Grandeco TJ3001;рулон;3450;/assets/images/products/152499/tj3001-rap-oboykin-grandeco-time-3.jpg;Санкт-Петербург
https://www.oboykin.rucatalog/germany/marburg/floralia/33914/;33914;Обои Marburg 33914;рулон;3900;/assets/images/products/103664/33914-rap-oboykin-floralia-marburg.jpg,/assets/images/products/103664/33914-mac-oboykin-floralia-marburg.jpg;Санкт-Петербург
https://www.oboykin.rucatalog/russia/victoria-stenova/ideal/287382/;287382;Обои Victoria Stenova 287382;рулон;2980;/assets/images/products/157496/287382-rap-oboykin-victoria-stenova-of-ideal.jpg,/assets/images/products/157496/287382-int-oboykin-victoria-stenova-of-ideal.jpg,/assets/images/products/157496/287382-rul-2-oboykin-victoria-stenova-of-ideal.jpg,/assets/images/products/157496/287382-rul-oboykin-victoria-stenova-of-ideal.jpg;Санкт-Петербург
https://www.oboykin.rucatalog/russia/victoria-stenova/ideal/287382/;287382;Обои Victoria Stenova 287382;рулон;2980;/assets/images/products/157496/287382-rap-oboykin-victoria-stenova-of-ideal.jpg,/assets/images/products/157496/287382-int-oboykin-victoria-stenova-of-ideal.jpg,/assets/images/products/157496/287382-rul-2-oboykin-victoria-stenova-of-ideal.jpg,/assets/images/products/157496/287382-rul-oboykin-victoria-stenova-of-ideal.jpg;Москва
https://www.oboykin.rucatalog/russia/victoria-stenova/almaz/686055/;686055;Обои под покраску Victoria Stenova 686055;рулон;2910;/assets/images/products/93221/686055-oboykin-almaz-victoria-stenova.jpg,/assets/images/products/93221/686055-oboykin-victoria-stenova-almaz-2.jpg,/assets/images/products/93221/686055-oboykin-victoria-stenova-almaz-3.jpg;Санкт-Петербург
https://www.oboykin.rucatalog/russia/victoria-stenova/almaz/686055/;686055;Обои под покраску Victoria Stenova 686055;рулон;2910;/assets/images/products/93221/686055-oboykin-almaz-victoria-stenova.jpg,/assets/images/products/93221/686055-oboykin-victoria-stenova-almaz-2.jpg,/assets/images/products/93221/686055-oboykin-victoria-stenova-almaz-3.jpg;Москва
https://www.oboykin.rucatalog/belgium/grandeco/jacknrose-2024/js3103/;JS3103;Обои Grandeco JS3103;рулон;2080;/assets/images/products/105882/js3103-rap-oboykin-jack-n-rose-2024-grandeco.jpg;Санкт-Петербург
https://www.oboykin.rucatalog/russia/simple/nutela/sp72029-77/;SP72029-77;Обои Palitra Simple SP72029-77;рулон;1880;/assets/images/products/147048/sp72029-77-rap-oboykin-palitra-simple-nutela.jpg,/assets/images/products/147048/sp72029-77-rul-2-oboykin-palitra-simple-nutela.jpg,/assets/images/products/147048/sp72029-77-rul-oboykin-palitra-simple-nutela.jpg,/assets/images/products/147048/sp72029-77-rul-3-oboykin-palitra-simple-nutela.jpg,/assets/images/products/147048/sp72029-77-rul-4-oboykin-palitra-simple-nutela.jpg,/assets/images/products/147048/sp72029-77-rul-5-oboykin-palitra-simple-nutela.jpg,/assets/images/products/147048/sp72029-77-rul-6-oboykin-palitra-simple-nutela.jpg,/assets/images/products/147048/sp72029-x-rul-2-oboykin-palitra-simple-nutela.jpg,/assets/images/products/147048/sp72029-x-rul-oboykin-palitra-simple-nutela.jpg;Санкт-Петербург
https://www.oboykin.rucatalog/russia/simple/nutela/sp72029-77/;SP72029-77;Обои Palitra Simple SP72029-77;рулон;1880;/assets/images/products/147048/sp72029-77-rap-oboykin-palitra-simple-nutela.jpg,/assets/images/products/147048/sp72029-77-rul-2-oboykin-palitra-simple-nutela.jpg,/assets/images/products/147048/sp72029-77-rul-oboykin-palitra-simple-nutela.jpg,/assets/images/products/147048/sp72029-77-rul-3-oboykin-palitra-simple-nutela.jpg,/assets/images/products/147048/sp72029-77-rul-4-oboykin-palitra-simple-nutela.jpg,/assets/images/products/147048/sp72029-77-rul-5-oboykin-palitra-simple-nutela.jpg,/assets/images/products/147048/sp72029-77-rul-6-oboykin-palitra-simple-nutela.jpg,/assets/images/products/147048/sp72029-x-rul-2-oboykin-palitra-simple-nutela.jpg,/assets/images/products/147048/sp72029-x-rul-oboykin-palitra-simple-nutela.jpg;Москва
https://www.oboykin.rucatalog/russia/victoria-stenova/marta/283884/;283884;Обои Victoria Stenova 283884;рулон;1505;/assets/images/products/131466/283884-rap-oboykin-victoria-stenova-marta.jpg,/assets/images/products/131466/283884-rul-oboykin-victoria-stenova-marta.jpg,/assets/images/products/131466/283884-rul-2-oboykin-victoria-stenova-marta.jpg,/assets/images/products/131466/283884-int-oboykin-victoria-stenova-marta.jpg;Москва
https://www.oboykin.rucatalog/russia/palitra-style/stereo-leto/sl72292-15/;SL72292-15;Обои Palitra Style SL72292-15; рулон;2100;/assets/images/products/157643/sl72292-15-rap-oboykin-palitra-style-stereo-leto.jpg,/assets/images/products/157643/sl72292-15-rul-oboykin-palitra-style-stereo-leto.jpg,/assets/images/products/157643/sl72292-15-rul-2-oboykin-palitra-style-stereo-leto.jpg,/assets/images/products/157643/sl72292-15-rul-3-oboykin-palitra-style-stereo-leto.jpg,/assets/images/products/157643/sl72292-15-rul-4-oboykin-palitra-style-stereo-leto.jpg,/assets/images/products/157643/sl72292-x-rul-2-oboykin-palitra-style-stereo-leto.jpg,/assets/images/products/157643/sl72292-x-rul-oboykin-palitra-style-stereo-leto.jpg;Санкт-Петербург
https://www.oboykin.rucatalog/russia/palitra-style/stereo-leto/sl72292-15/;SL72292-15;Обои Palitra Style SL72292-15; рулон;2100;/assets/images/products/157643/sl72292-15-rap-oboykin-palitra-style-stereo-leto.jpg,/assets/images/products/157643/sl72292-15-rul-oboykin-palitra-style-stereo-leto.jpg,/assets/images/products/157643/sl72292-15-rul-2-oboykin-palitra-style-stereo-leto.jpg,/assets/images/products/157643/sl72292-15-rul-3-oboykin-palitra-style-stereo-leto.jpg,/assets/images/products/157643/sl72292-15-rul-4-oboykin-palitra-style-stereo-leto.jpg,/assets/images/products/157643/sl72292-x-rul-2-oboykin-palitra-style-stereo-leto.jpg,/assets/images/products/157643/sl72292-x-rul-oboykin-palitra-style-stereo-leto.jpg;Москва
https://www.oboykin.rucatalog/germany/marburg/loft-superior/59605/;59605;Обои Marburg 59605;рулон;4200;/assets/images/products/19159/59605.jpg;Санкт-Петербург
https://www.oboykin.rucatalog/germany/marburg/kids-walls/45869/;45869;Панно Marburg 45869;рулон;4550;/assets/images/products/122246/45869-rap-oboykin-marburg-kids-wall.jpeg,/assets/images/products/122246/45869-int-oboykin-marburg-kids-wall.jpg;Москва
https://www.oboykin.rucatalog/russia/victoria-stenova/bella/285581/;285581;Обои Victoria Stenova 285581;рулон;1582;/assets/images/products/135309/285581-rap-oboykin-victoria-stenova-bella.jpg,/assets/images/products/135309/285581-rul-2-oboykin-victoria-stenova-bella.jpg,/assets/images/products/135309/285581-rul-oboykin-victoria-stenova-bella.jpg,/assets/images/products/135309/285581-int-oboykin-victoria-stenova-bella.jpg;Санкт-Петербург
https://www.oboykin.rucatalog/italy/andrea-rossi/spectrum-pro/54385-3/;54385-3;Обои Andrea Rossi 54385-3;рулон;4200;/assets/images/products/136911/54385-3-rap-oboykin-andrearossi-spectrum-pro.png;Санкт-Петербург
https://www.oboykin.rucatalog/italy/andrea-rossi/spectrum-pro/54385-3/;54385-3;Обои Andrea Rossi 54385-3;рулон;4200;/assets/images/products/136911/54385-3-rap-oboykin-andrearossi-spectrum-pro.png;Москва
https://www.oboykin.rucatalog/russia/family/betoline/fm72053-11/;FM72053-11;Обои Palitra Family FM72053-11;рулон;1590;/assets/images/products/135189/fm72053-11-rap-oboykin-palitra-family-betoline.jpg,/assets/images/products/135189/fm72053-11-rul-4-oboykin-palitra-family-betoline.jpg,/assets/images/products/135189/fm72053-11-rul-2-oboykin-palitra-family-betoline.jpg,/assets/images/products/135189/fm72053-11-rul-3-oboykin-palitra-family-betoline.jpg,/assets/images/products/135189/fm72053-11-rul-5-oboykin-palitra-family-betoline.jpg,/assets/images/products/135189/fm72053-11-rul-oboykin-palitra-family-betoline.jpg,/assets/images/products/135189/fm72053-11-rul-6-oboykin-palitra-family-betoline.jpg,/assets/images/products/135189/fm72053-11-8-oboykin-palitra-family-betoline.jpg;Санкт-Петербург
https://www.oboykin.rucatalog/russia/family/betoline/fm72053-11/;FM72053-11;Обои Palitra Family FM72053-11;рулон;1590;/assets/images/products/135189/fm72053-11-rap-oboykin-palitra-family-betoline.jpg,/assets/images/products/135189/fm72053-11-rul-4-oboykin-palitra-family-betoline.jpg,/assets/images/products/135189/fm72053-11-rul-2-oboykin-palitra-family-betoline.jpg,/assets/images/products/135189/fm72053-11-rul-3-oboykin-palitra-family-betoline.jpg,/assets/images/products/135189/fm72053-11-rul-5-oboykin-palitra-family-betoline.jpg,/assets/images/products/135189/fm72053-11-rul-oboykin-palitra-family-betoline.jpg,/assets/images/products/135189/fm72053-11-rul-6-oboykin-palitra-family-betoline.jpg,/assets/images/products/135189/fm72053-11-8-oboykin-palitra-family-betoline.jpg;Москва
https://www.oboykin.rucatalog/russia/wall-decor/rikardo/75183-41/;75183-41;Обои Wall Decor 75183-41;рулон;2120;/assets/images/products/135248/75183-41-rap-oboykin-aspekt-ricardo.jpg,/assets/images/products/135248/75183-41-int-oboykin.png,/assets/images/products/135248/75183-41-rul-2-oboykin-aspekt-ricardo.jpg,/assets/images/products/135248/75183-41-rul-3-oboykin-aspekt-ricardo.jpg,/assets/images/products/135248/75183-41-rul-4-oboykin-aspekt-ricardo.jpg,/assets/images/products/135248/75183-41-rul-5-oboykin-aspekt-ricardo.jpg,/assets/images/products/135248/75183-41-rul-6-oboykin-aspekt-ricardo.jpg,/assets/images/products/135248/75183-41-rul-oboykin-aspekt-ricardo.jpg;Санкт-Петербург
https://www.oboykin.rucatalog/russia/wall-decor/rikardo/75183-41/;75183-41;Обои Wall Decor 75183-41;рулон;2120;/assets/images/products/135248/75183-41-rap-oboykin-aspekt-ricardo.jpg,/assets/images/products/135248/75183-41-int-oboykin.png,/assets/images/products/135248/75183-41-rul-2-oboykin-aspekt-ricardo.jpg,/assets/images/products/135248/75183-41-rul-3-oboykin-aspekt-ricardo.jpg,/assets/images/products/135248/75183-41-rul-4-oboykin-aspekt-ricardo.jpg,/assets/images/products/135248/75183-41-rul-5-oboykin-aspekt-ricardo.jpg,/assets/images/products/135248/75183-41-rul-6-oboykin-aspekt-ricardo.jpg,/assets/images/products/135248/75183-41-rul-oboykin-aspekt-ricardo.jpg;Москва
https://www.oboykin.rucatalog/germany/rasch/poetry-ii/542738/;542738;Обои Rasch 542738;рулон;1750;/assets/images/products/82061/542738-1-oboykin-rasch-poetry-ii-art.jpg,/assets/images/products/82061/542738-1-oboykin-rasch-poetry-ii-rolle.jpg;Санкт-Петербург
https://www.oboykin.rucatalog/russia/simple/nutela/sp72029-14/;SP72029-14;Обои Palitra Simple SP72029-14;рулон;1880;/assets/images/products/147049/sp72029-14-rap-oboykin-palitra-simple-nutela.jpg,/assets/images/products/147049/sp72029-14-rul-2-oboykin-palitra-simple-nutela.jpg,/assets/images/products/147049/sp72029-14-rul-oboykin-palitra-simple-nutela.jpg,/assets/images/products/147049/sp72029-14-rul-3-oboykin-palitra-simple-nutela.jpg,/assets/images/products/147049/sp72029-14-rul-4-oboykin-palitra-simple-nutela.jpg,/assets/images/products/147049/sp72029-14-rul-5-oboykin-palitra-simple-nutela.jpg,/assets/images/products/147049/sp72029-14-rul-6-oboykin-palitra-simple-nutela.jpg,/assets/images/products/147049/sp72029-x-rul-2-oboykin-palitra-simple-nutela.jpg,/assets/images/products/147049/sp72029-x-rul-oboykin-palitra-simple-nutela.jpg;Санкт-Петербург
https://www.oboykin.rucatalog/russia/simple/nutela/sp72029-14/;SP72029-14;Обои Palitra Simple SP72029-14;рулон;1880;/assets/images/products/147049/sp72029-14-rap-oboykin-palitra-simple-nutela.jpg,/assets/images/products/147049/sp72029-14-rul-2-oboykin-palitra-simple-nutela.jpg,/assets/images/products/147049/sp72029-14-rul-oboykin-palitra-simple-nutela.jpg,/assets/images/products/147049/sp72029-14-rul-3-oboykin-palitra-simple-nutela.jpg,/assets/images/products/147049/sp72029-14-rul-4-oboykin-palitra-simple-nutela.jpg,/assets/images/products/147049/sp72029-14-rul-5-oboykin-palitra-simple-nutela.jpg,/assets/images/products/147049/sp72029-14-rul-6-oboykin-palitra-simple-nutela.jpg,/assets/images/products/147049/sp72029-x-rul-2-oboykin-palitra-simple-nutela.jpg,/assets/images/products/147049/sp72029-x-rul-oboykin-palitra-simple-nutela.jpg;Москва